nome,telefone
Ana,11999990001
Bruno,11999990002
Carla,11999990003
Daniel,11999990004
Eduarda,11999990005
Felipe,11999990006
Gabriela,11999990007
Henrique,11999990008
Isabela,11999990009
João,11999990010
Larissa,11999990011
Marcos,11999990012
Natália,11999990013
Otávio,11999990014
Patrícia,11999990015
Rafael,11999990016
Sofia,11999990017
Thiago,11999990018
Vanessa,11999990019
Yasmin,11999990020
Camila,48 999888777
Samantha,48888777666
Karina,48777666555
Taily,48666555444
Guilherme,48555444333
